batch_per_replica,four_replica_capacity,ttft_ms,tpot_ms,tpot_headroom_ms,memory_gb_per_gpu,meets_ttft,meets_tpot
56,224,663.3414076026104,45.142757424282905,4.857242575717095,53.55944061279297,True,True
60,240,671.300498147429,47.52334005093409,2.476659949065912,55.971458435058594,True,True
62,248,675.1770183586099,48.713170983329675,1.2868290166703247,57.177467346191406,True,True
63,252,677.0916253565501,49.308030118987,0.6919698810130015,57.78047180175781,True,True
64,256,678.9911850845757,49.902868946703336,0.09713105329666405,58.38347625732422,True,True
65,260,680.8762037505111,51.16065188709066,-1.1606518870906584,58.986480712890625,True,False
66,264,682.7471614796536,51.888149833899675,-1.888149833899675,59.58948516845703,True,False
68,272,686.4486939564184,53.34275649230902,-3.3427564923090216,60.795494079589844,True,False
72,288,693.7016314717077,56.25051757570195,-6.250517575701949,63.20751190185547,True,False
