target_concurrency,status,http_status,gpus_required,chosen_mode,replicas,gpus_per_replica,ttft_ms,tpot_ms,reported_concurrency,batch_size,memory_gb,request_id,error
1,feasible,200,1,agg,1,1,733.961,48.386,28,28,68.432,size_edbc16c4289c,
2,feasible,200,1,agg,1,1,733.961,48.386,28,28,68.432,size_d306c3e4caaf,
3,feasible,200,1,agg,1,1,733.961,48.386,28,28,68.432,size_a6a08fd1b563,
4,feasible,200,1,agg,1,1,733.961,48.386,28,28,68.432,size_758d29b94b02,
5,feasible,200,1,agg,1,1,733.961,48.386,28,28,68.432,size_ebd248c10a94,
6,feasible,200,1,agg,1,1,733.961,48.386,28,28,68.432,size_5bae49b0cc9b,
7,feasible,200,1,agg,1,1,733.961,48.386,28,28,68.432,size_d8d096d09c65,
8,feasible,200,1,agg,1,1,733.961,48.386,28,28,68.432,size_22cfd6c804bb,
9,feasible,200,1,agg,1,1,733.961,48.386,28,28,68.432,size_76607187903a,
10,feasible,200,1,agg,1,1,733.961,48.386,28,28,68.432,size_c3e99095b785,
11,feasible,200,1,agg,1,1,733.961,48.386,28,28,68.432,size_812350085294,
12,feasible,200,1,agg,1,1,733.961,48.386,28,28,68.432,size_9639a1824a35,
13,feasible,200,1,agg,1,1,733.961,48.386,28,28,68.432,size_4b391213997f,
14,feasible,200,1,agg,1,1,733.961,48.386,28,28,68.432,size_97e7601e73f0,
15,feasible,200,1,agg,1,1,733.961,48.386,28,28,68.432,size_a6be6ec105f0,
16,feasible,200,1,agg,1,1,733.961,48.386,28,28,68.432,size_9f7b6298966a,
17,feasible,200,1,agg,1,1,733.961,48.386,28,28,68.432,size_fbe6429e5c8e,
18,feasible,200,1,agg,1,1,733.961,48.386,28,28,68.432,size_84dad194ec09,
19,feasible,200,1,agg,1,1,733.961,48.386,28,28,68.432,size_3d2886b71a06,
20,feasible,200,1,agg,1,1,733.961,48.386,28,28,68.432,size_b95933cb2287,
21,feasible,200,1,agg,1,1,733.961,48.386,28,28,68.432,size_22dfa3e76eef,
22,feasible,200,1,agg,1,1,733.961,48.386,28,28,68.432,size_83dfbd82c019,
23,feasible,200,1,agg,1,1,733.961,48.386,28,28,68.432,size_798fafabe104,
24,feasible,200,1,agg,1,1,733.961,48.386,28,28,68.432,size_1d30082707e3,
25,feasible,200,1,agg,1,1,733.961,48.386,28,28,68.432,size_f697da5f4af3,
26,feasible,200,1,agg,1,1,733.961,48.386,28,28,68.432,size_84f9851f72a8,
27,feasible,200,1,agg,1,1,733.961,48.386,28,28,68.432,size_29534c647407,
28,feasible,200,1,agg,1,1,733.961,48.386,28,28,68.432,size_05639bfb199e,
29,feasible,200,2,agg,1,2,678.991,49.903,64,64,58.383,size_70cbdecc985b,
30,feasible,200,2,agg,1,2,678.991,49.903,64,64,58.383,size_48105c838d1e,
31,feasible,200,2,agg,1,2,678.991,49.903,64,64,58.383,size_d512ac4b20ec,
32,feasible,200,2,agg,1,2,678.991,49.903,64,64,58.383,size_764a74775c6d,
33,feasible,200,2,agg,1,2,678.991,49.903,64,64,58.383,size_c5a43d1c26e8,
34,feasible,200,2,agg,1,2,678.991,49.903,64,64,58.383,size_72f238cf53a4,
35,feasible,200,2,agg,1,2,678.991,49.903,64,64,58.383,size_f882162e2466,
36,feasible,200,2,agg,1,2,678.991,49.903,64,64,58.383,size_69acdbf7e90b,
37,feasible,200,2,agg,1,2,678.991,49.903,64,64,58.383,size_b5d241eb8761,
38,feasible,200,2,agg,1,2,678.991,49.903,64,64,58.383,size_2d537f8858a4,
39,feasible,200,2,agg,1,2,678.991,49.903,64,64,58.383,size_397d7aa0f44e,
40,feasible,200,2,agg,1,2,678.991,49.903,64,64,58.383,size_a9f8d1c1950c,
41,feasible,200,2,agg,1,2,678.991,49.903,64,64,58.383,size_8673460dbdd2,
42,feasible,200,2,agg,1,2,678.991,49.903,64,64,58.383,size_61c0181bc7b9,
43,feasible,200,2,agg,1,2,678.991,49.903,64,64,58.383,size_e19dbbd9cdf3,
44,feasible,200,2,agg,1,2,678.991,49.903,64,64,58.383,size_b13945269d77,
45,feasible,200,2,agg,1,2,678.991,49.903,64,64,58.383,size_414340ca4930,
46,feasible,200,2,agg,1,2,678.991,49.903,64,64,58.383,size_150255e77af9,
47,feasible,200,2,agg,1,2,678.991,49.903,64,64,58.383,size_6eaec4d4548c,
48,feasible,200,2,agg,1,2,678.991,49.903,64,64,58.383,size_f9192ead7b16,
49,feasible,200,2,agg,1,2,678.991,49.903,64,64,58.383,size_e5d043bb5c4a,
50,feasible,200,2,agg,1,2,678.991,49.903,64,64,58.383,size_b8acc4377327,
51,feasible,200,2,agg,1,2,678.991,49.903,64,64,58.383,size_0d0095df2c4f,
52,feasible,200,2,agg,1,2,678.991,49.903,64,64,58.383,size_07c85a8c599a,
53,feasible,200,2,agg,1,2,678.991,49.903,64,64,58.383,size_0a9ff30e1f4a,
54,feasible,200,2,agg,1,2,678.991,49.903,64,64,58.383,size_9d7cd6cf2465,
55,feasible,200,2,agg,1,2,678.991,49.903,64,64,58.383,size_33dc5c37b6ca,
56,feasible,200,2,agg,1,2,678.991,49.903,64,64,58.383,size_ca2b3f3f4ee4,
57,feasible,200,2,agg,1,2,678.991,49.903,64,64,58.383,size_d3442c3407ff,
58,feasible,200,2,agg,1,2,678.991,49.903,64,64,58.383,size_f9221a82e73c,
59,feasible,200,2,agg,1,2,678.991,49.903,64,64,58.383,size_017d9a25bf4f,
60,feasible,200,2,agg,1,2,678.991,49.903,64,64,58.383,size_738cd3df856e,
61,feasible,200,2,agg,1,2,678.991,49.903,64,64,58.383,size_94218a508c02,
62,feasible,200,2,agg,1,2,678.991,49.903,64,64,58.383,size_838a839da048,
63,feasible,200,2,agg,1,2,678.991,49.903,64,64,58.383,size_2c940f1b1fd7,
64,feasible,200,2,agg,1,2,678.991,49.903,64,64,58.383,size_1fc5b9ea9a56,
65,feasible,200,3,agg,3,1,733.961,48.386,84,28,68.432,size_6b020bed2a63,
66,feasible,200,3,agg,3,1,733.961,48.386,84,28,68.432,size_4a6523837987,
67,feasible,200,3,agg,3,1,733.961,48.386,84,28,68.432,size_75b600d002a5,
68,feasible,200,3,agg,3,1,733.961,48.386,84,28,68.432,size_8a5fc8d84674,
69,feasible,200,3,agg,3,1,733.961,48.386,84,28,68.432,size_2a252a981cc7,
70,feasible,200,3,agg,3,1,733.961,48.386,84,28,68.432,size_c994dcc041ce,
71,feasible,200,3,agg,3,1,733.961,48.386,84,28,68.432,size_98e2524a14aa,
72,feasible,200,3,agg,3,1,733.961,48.386,84,28,68.432,size_e4234556b039,
73,feasible,200,3,agg,3,1,733.961,48.386,84,28,68.432,size_6a2a218b63aa,
74,feasible,200,3,agg,3,1,733.961,48.386,84,28,68.432,size_54b1f37b077e,
75,feasible,200,3,agg,3,1,733.961,48.386,84,28,68.432,size_444136412b5d,
76,feasible,200,3,agg,3,1,733.961,48.386,84,28,68.432,size_269b9bd851bc,
77,feasible,200,3,agg,3,1,733.961,48.386,84,28,68.432,size_b3e0a4a31742,
78,feasible,200,3,agg,3,1,733.961,48.386,84,28,68.432,size_acb0dcc71177,
79,feasible,200,3,agg,3,1,733.961,48.386,84,28,68.432,size_8d4849074a6f,
80,feasible,200,3,agg,3,1,733.961,48.386,84,28,68.432,size_5d924403933c,
81,feasible,200,3,agg,3,1,733.961,48.386,84,28,68.432,size_c2fe097e239c,
82,feasible,200,3,agg,3,1,733.961,48.386,84,28,68.432,size_7b94bdfd7354,
83,feasible,200,3,agg,3,1,733.961,48.386,84,28,68.432,size_625bcfbcb479,
84,feasible,200,3,agg,3,1,733.961,48.386,84,28,68.432,size_8c57dea2cdd8,
85,feasible,200,4,agg,2,2,678.991,49.903,128,64,58.383,size_503a73fda009,
86,missing,,,,,,,,,,,,
87,missing,,,,,,,,,,,,
88,missing,,,,,,,,,,,,
89,missing,,,,,,,,,,,,
90,missing,,,,,,,,,,,,
91,missing,,,,,,,,,,,,
92,missing,,,,,,,,,,,,
93,missing,,,,,,,,,,,,
94,missing,,,,,,,,,,,,
95,missing,,,,,,,,,,,,
96,feasible,200,4,agg,2,2,678.991,49.903,128,64,58.383,size_fe0b38ce149a,
97,missing,,,,,,,,,,,,
98,missing,,,,,,,,,,,,
99,missing,,,,,,,,,,,,
100,missing,,,,,,,,,,,,
101,missing,,,,,,,,,,,,
102,missing,,,,,,,,,,,,
103,missing,,,,,,,,,,,,
104,missing,,,,,,,,,,,,
105,missing,,,,,,,,,,,,
106,missing,,,,,,,,,,,,
107,missing,,,,,,,,,,,,
108,missing,,,,,,,,,,,,
109,missing,,,,,,,,,,,,
110,missing,,,,,,,,,,,,
111,missing,,,,,,,,,,,,
112,feasible,200,4,agg,2,2,678.991,49.903,128,64,58.383,size_bd26495774e9,
113,missing,,,,,,,,,,,,
114,missing,,,,,,,,,,,,
115,missing,,,,,,,,,,,,
116,missing,,,,,,,,,,,,
117,missing,,,,,,,,,,,,
118,missing,,,,,,,,,,,,
119,missing,,,,,,,,,,,,
120,missing,,,,,,,,,,,,
121,missing,,,,,,,,,,,,
122,missing,,,,,,,,,,,,
123,missing,,,,,,,,,,,,
124,missing,,,,,,,,,,,,
125,missing,,,,,,,,,,,,
126,missing,,,,,,,,,,,,
127,missing,,,,,,,,,,,,
128,feasible,200,4,agg,2,2,678.991,49.903,128,64,58.383,size_27d44fb8cc89,
129,feasible,200,5,agg,5,1,733.961,48.386,140,28,68.432,size_88af783ba9c5,
130,missing,,,,,,,,,,,,
131,missing,,,,,,,,,,,,
132,missing,,,,,,,,,,,,
133,missing,,,,,,,,,,,,
134,missing,,,,,,,,,,,,
135,missing,,,,,,,,,,,,
136,missing,,,,,,,,,,,,
137,missing,,,,,,,,,,,,
138,missing,,,,,,,,,,,,
139,missing,,,,,,,,,,,,
140,feasible,200,5,agg,5,1,733.961,48.386,140,28,68.432,size_13d0b44edf34,
141,feasible,200,6,agg,3,2,678.991,49.903,192,64,58.383,size_b613f077f8a9,
142,missing,,,,,,,,,,,,
143,missing,,,,,,,,,,,,
144,missing,,,,,,,,,,,,
145,missing,,,,,,,,,,,,
146,missing,,,,,,,,,,,,
147,missing,,,,,,,,,,,,
148,missing,,,,,,,,,,,,
149,missing,,,,,,,,,,,,
150,missing,,,,,,,,,,,,
151,missing,,,,,,,,,,,,
152,missing,,,,,,,,,,,,
153,missing,,,,,,,,,,,,
154,missing,,,,,,,,,,,,
155,missing,,,,,,,,,,,,
156,missing,,,,,,,,,,,,
157,missing,,,,,,,,,,,,
158,missing,,,,,,,,,,,,
159,missing,,,,,,,,,,,,
160,feasible,200,6,agg,3,2,678.991,49.903,192,64,58.383,size_73e8b54106cf,
161,missing,,,,,,,,,,,,
162,missing,,,,,,,,,,,,
163,missing,,,,,,,,,,,,
164,missing,,,,,,,,,,,,
165,missing,,,,,,,,,,,,
166,missing,,,,,,,,,,,,
167,missing,,,,,,,,,,,,
168,missing,,,,,,,,,,,,
169,missing,,,,,,,,,,,,
170,missing,,,,,,,,,,,,
171,missing,,,,,,,,,,,,
172,missing,,,,,,,,,,,,
173,missing,,,,,,,,,,,,
174,missing,,,,,,,,,,,,
175,missing,,,,,,,,,,,,
176,missing,,,,,,,,,,,,
177,missing,,,,,,,,,,,,
178,missing,,,,,,,,,,,,
179,missing,,,,,,,,,,,,
180,missing,,,,,,,,,,,,
181,missing,,,,,,,,,,,,
182,missing,,,,,,,,,,,,
183,missing,,,,,,,,,,,,
184,missing,,,,,,,,,,,,
185,missing,,,,,,,,,,,,
186,missing,,,,,,,,,,,,
187,missing,,,,,,,,,,,,
188,missing,,,,,,,,,,,,
189,missing,,,,,,,,,,,,
190,missing,,,,,,,,,,,,
191,missing,,,,,,,,,,,,
192,feasible,200,6,agg,3,2,678.991,49.903,192,64,58.383,size_62ddf570e8ae,
193,feasible,200,7,agg,7,1,733.961,48.386,196,28,68.432,size_9463d0bf8b14,
194,missing,,,,,,,,,,,,
195,missing,,,,,,,,,,,,
196,feasible,200,7,agg,7,1,733.961,48.386,196,28,68.432,size_fe49e414bb7d,
197,feasible,200,8,agg,4,2,678.991,49.903,256,64,58.383,size_10568680ac4e,
198,missing,,,,,,,,,,,,
199,missing,,,,,,,,,,,,
200,missing,,,,,,,,,,,,
201,missing,,,,,,,,,,,,
202,missing,,,,,,,,,,,,
203,missing,,,,,,,,,,,,
204,missing,,,,,,,,,,,,
205,missing,,,,,,,,,,,,
206,missing,,,,,,,,,,,,
207,missing,,,,,,,,,,,,
208,missing,,,,,,,,,,,,
209,missing,,,,,,,,,,,,
210,missing,,,,,,,,,,,,
211,missing,,,,,,,,,,,,
212,missing,,,,,,,,,,,,
213,missing,,,,,,,,,,,,
214,missing,,,,,,,,,,,,
215,missing,,,,,,,,,,,,
216,missing,,,,,,,,,,,,
217,missing,,,,,,,,,,,,
218,missing,,,,,,,,,,,,
219,missing,,,,,,,,,,,,
220,missing,,,,,,,,,,,,
221,missing,,,,,,,,,,,,
222,missing,,,,,,,,,,,,
223,missing,,,,,,,,,,,,
224,feasible,200,8,agg,4,2,678.991,49.903,256,64,58.383,size_52a3bf281b5f,
225,missing,,,,,,,,,,,,
226,missing,,,,,,,,,,,,
227,missing,,,,,,,,,,,,
228,missing,,,,,,,,,,,,
229,missing,,,,,,,,,,,,
230,missing,,,,,,,,,,,,
231,missing,,,,,,,,,,,,
232,missing,,,,,,,,,,,,
233,missing,,,,,,,,,,,,
234,missing,,,,,,,,,,,,
235,missing,,,,,,,,,,,,
236,missing,,,,,,,,,,,,
237,missing,,,,,,,,,,,,
238,missing,,,,,,,,,,,,
239,missing,,,,,,,,,,,,
240,missing,,,,,,,,,,,,
241,missing,,,,,,,,,,,,
242,missing,,,,,,,,,,,,
243,missing,,,,,,,,,,,,
244,missing,,,,,,,,,,,,
245,missing,,,,,,,,,,,,
246,missing,,,,,,,,,,,,
247,missing,,,,,,,,,,,,
248,missing,,,,,,,,,,,,
249,missing,,,,,,,,,,,,
250,missing,,,,,,,,,,,,
251,missing,,,,,,,,,,,,
252,missing,,,,,,,,,,,,
253,missing,,,,,,,,,,,,
254,missing,,,,,,,,,,,,
255,missing,,,,,,,,,,,,
256,feasible,200,8,agg,4,2,678.991,49.903,256,64,58.383,size_c3e927ee95b7,
257,feasible,200,10,agg,5,2,678.991,49.903,320,64,58.383,size_e66de63a0ba9,
258,missing,,,,,,,,,,,,
259,missing,,,,,,,,,,,,
260,missing,,,,,,,,,,,,
261,missing,,,,,,,,,,,,
262,missing,,,,,,,,,,,,
263,missing,,,,,,,,,,,,
264,missing,,,,,,,,,,,,
265,missing,,,,,,,,,,,,
266,missing,,,,,,,,,,,,
267,missing,,,,,,,,,,,,
268,missing,,,,,,,,,,,,
269,missing,,,,,,,,,,,,
270,missing,,,,,,,,,,,,
271,missing,,,,,,,,,,,,
272,missing,,,,,,,,,,,,
273,missing,,,,,,,,,,,,
274,missing,,,,,,,,,,,,
275,missing,,,,,,,,,,,,
276,missing,,,,,,,,,,,,
277,missing,,,,,,,,,,,,
278,missing,,,,,,,,,,,,
279,missing,,,,,,,,,,,,
280,missing,,,,,,,,,,,,
281,missing,,,,,,,,,,,,
282,missing,,,,,,,,,,,,
283,missing,,,,,,,,,,,,
284,missing,,,,,,,,,,,,
285,missing,,,,,,,,,,,,
286,missing,,,,,,,,,,,,
287,missing,,,,,,,,,,,,
288,feasible,200,10,agg,5,2,678.991,49.903,320,64,58.383,size_b3b8e98a4591,
